{"cameraMode":{"drawMode":0,"name":"Shaded","section":"Shading Mode"},"sceneLighting":true,"audioPlay":false,"sceneViewState":{"m_AlwaysRefresh":false,"showFog":true,"showSkybox":true,"showFlares":true,"showImageEffects":true,"showParticleSystems":true,"showVisualEffectGraphs":true,"m_FxEnabled":true},"in2DMode":false,"pivot":{"x":1.9364345073699952,"y":1.405198335647583,"z":-1.616887092590332},"rotation":{"x":0.0384073443710804,"y":-0.2981942594051361,"z":0.011820449493825436,"w":0.9536986947059631},"size":0.17256687581539155,"orthographic":false}